NO2,NO,NOx,PM10
1.0,0.50109655081,0.752662812957,0.449627032528
0.50109655081,1.0,0.946280934321,0.372493413152
0.752662812957,0.946280934321,1.0,0.451186810687
0.449627032528,0.372493413152,0.451186810687,1.0
